x,true_y,noisy_y
0.0,5.0,5.609434159508862
0.20408163265306123,5.408163265306122,3.328195052825131
0.40816326530612246,5.816326530612245,7.317228922225159
0.6122448979591837,6.224489795918368,8.105619228700796
0.8163265306122449,6.63265306122449,2.730582683916817
1.0204081632653061,7.040816326530612,4.436457312805976
1.2244897959183674,7.448979591836735,7.704660398171305
1.4285714285714286,7.857142857142858,7.2246576724556935
1.6326530612244898,8.26530612244898,8.231703807440402
1.836734693877551,8.673469387755102,6.967381532607941
2.0408163265306123,9.081632653061224,10.840428602786881
2.2448979591836737,9.489795918367347,11.045379789225244
2.4489795918367347,9.89795918367347,10.030020578795902
2.6530612244897958,10.306122448979592,12.560604862915657
2.857142857142857,10.714285714285715,11.649304398789807
3.0612244897959187,11.122448979591837,9.40386405382536
3.2653061224489797,11.53061224489796,12.268113813062957
3.4693877551020407,11.938775510204081,10.021010308546083
3.673469387755102,12.346938775510203,14.103839378124748
3.8775510204081636,12.755102040816327,12.655250218843822
4.081632653061225,13.16326530612245,12.793540579031928
4.285714285714286,13.571428571428571,12.209569482620688
4.4897959183673475,13.979591836734695,16.424674514082756
4.6938775510204085,14.387755102040817,14.078696137903213
4.8979591836734695,14.795918367346939,13.939262723020725
5.1020408163265305,15.204081632653061,14.499814531676602
5.3061224489795915,15.612244897959183,16.67686326906588
5.510204081632653,16.02040816326531,16.751296291993466
5.714285714285714,16.42857142857143,17.254036651763407
5.918367346938775,16.836734693877553,17.698376699893316
6.122448979591837,17.244897959183675,21.528193160924598
6.326530612244898,17.653061224489797,16.840231191720566
6.530612244897959,18.06122448979592,17.036739031652843
6.73469387755102,18.46938775510204,16.841842298606284
6.938775510204081,18.877551020408163,20.109509865559154
7.142857142857143,19.285714285714285,21.54365887115607
7.346938775510204,19.693877551020407,19.465982635710656
7.551020408163265,20.10204081632653,18.42172786240147
7.755102040816327,20.510204081632654,18.861241650250175
7.959183673469388,20.918367346938776,22.21955292258818
8.16326530612245,21.3265306122449,22.813038954651784
8.36734693877551,21.73469387755102,22.82100241416141
8.571428571428571,22.142857142857142,20.811837728279755
8.775510204081632,22.551020408163264,23.015343054296704
8.979591836734695,22.95918367346939,23.192555291750846
9.183673469387756,23.367346938775512,23.804724132233538
9.387755102040817,23.775510204081634,25.518367759978013
9.591836734693878,24.183673469387756,24.63086456693712
9.795918367346939,24.591836734693878,25.949663860837667
10.0,25.0,25.135158138977783
